{"classes":{"asdasdas":{"students":[{"name":"asdasdasd","attendance_count":1,"present":false},{"name":"asdasdasd","attendance_count":1,"present":false},{"name":"asdasdasd","attendance_count":1,"present":false},{"name":"fdgdfg","attendance_count":1,"present":false},{"name":"fghfgjh","attendance_count":1,"present":false},{"name":"lkemrtlkme","attendance_count":1,"present":false},{"name":"aksdnakjsdnjkasd","attendance_count":0,"present":false},{"name":"asdasdasd","attendance_count":0,"present":false}]}}}